feature,permutation_importance,importance_std
PageValues,0.58110169400109,0.014020457664130516
TotalPages,0.022577632983199553,0.002881802689860731
ProductRelated,0.009362214821660997,0.0022163008902462886
ExitRates,0.006928807932680543,0.005905107250959326
ExitBounceGap,0.005822202045977128,0.0015542802401582105
TotalDuration,0.004137755969522076,0.00033199183911585635
BounceRates,0.00323308912579919,0.0018838376420591925
ProductRelated_Duration,0.002702958567691168,0.0017566476346999001
Informational_Duration,0.0018324376597536791,0.0010473564200433473
OperatingSystems,0.0016238917115868334,0.0008386952708783154
ProductPageShare,0.0010549117449707064,0.0030183173167802647
VisitorType,0.000582754762493957,0.0010552646001362566
Administrative_Duration,0.0004345891785157985,0.0013857812130468458
ProductSecondsPerPage,0.00010770226775428753,0.0013486420149194955
Month,1.8556587800773922e-05,0.0010417184504018656
Region,1.1325508462241748e-05,0.0001775413508185934
TrafficType,-0.00020060710114448246,0.0006879297334741104
Browser,-0.00020815354694755003,0.001393108694643423
Weekend,-0.0003992293183782136,0.0006477801431767679
Informational,-0.0005298354507289696,0.0006258123446356218
SpecialDay,-0.0024752440158598197,0.002067010327691095
Administrative,-0.0027969479958768195,0.0011871193102394573
