feature,mean_absolute_shap
PageValues,3.4602474437599784
TotalPages,0.4016701531029602
ProductRelated,0.3629847046696461
ExitRates,0.2072546956006916
BounceRates,0.18690687950816834
TotalDuration,0.16736528644352097
ExitBounceGap,0.08484628657121572
OperatingSystems,0.08438544656933486
Month,0.08349088949553087
ProductSecondsPerPage,0.072981670933568
Administrative,0.06574176220838295
Informational,0.05188691607588556
ProductPageShare,0.05118442055014527
TrafficType,0.03241964068165697
Region,0.0280364639736001
SpecialDay,0.02114034271436355
Browser,0.02107990144367129
Weekend,0.016991389668189114
VisitorType,0.008241544461263614
ProductRelated_Duration,0.0
Administrative_Duration,0.0
Informational_Duration,0.0
